{
    "systemSize": 31158,
    "xlo": -5.5724289732854100e+00,
    "xhi": 8.8062413106004215e+01,
    "ylo": 6.6363878265090790e+00,
    "yhi": 8.6843696072165898e+01,
    "zlo": 2.1637516515341201e+02,
    "zhi": 2.5722506392804877e+02,
    "folders": ["/media/anton/Seagate Expansion Drive/Article-MMT/Cluster calculations for article/BiggerSystems/Comp/1chain (long)/1909463 - wiggle2 after longer rel/Dumps/",
                "/media/anton/Seagate Expansion Drive/Article-MMT/Cluster calculations for article/BiggerSystems/Comp/1chain (long)/1908419 - wiggle after longer rel/Dumps/",
            "/media/anton/Seagate Expansion Drive/Article-MMT/Cluster calculations for article/BiggerSystems/Comp/1chain (long)/1845502 - wiggle1/Dumps/"
           ],
    "lo1": 225.0,
    "hi1": 230.0,
    "lo2": 230.0,
    "hi2": 235.0,
    "lo3": 235.0,
    "hi3": 239.0,
    "lo4": 239.0,
    "hi4": 243.0,
    "lo5": 243.0,
    "hi5": 247.5,
    "lo6": 247.5,
    "hi6": 252.0,
    "lo7": 252.0,
    "hi7": 257.0,
    "polymerChainsNum": 9,
    "polymerChainLen": 1902
}
